[{"model": "Boutique.client", "pk": "B052", "fields": {"nom": "GOFFIN", "adresse": "72, 1. de la Gare", "localite": "Namur", "cat": "B2", "compte": "-3200.00"}}, {"model": "Boutique.client", "pk": "B112", "fields": {"nom": "HANSENNE", "adresse": "23,r.Dumont", "localite": "Poitiers", "cat": "C1", "compte": "1250.01"}}, {"model": "Boutique.client", "pk": "B332", "fields": {"nom": "MONTI", "adresse": "112, r. Neuve", "localite": "Geneve", "cat": "B2", "compte": "0.00"}}, {"model": "Boutique.client", "pk": "B512", "fields": {"nom": "GILLET", "adresse": "14,r.de l'Ete", "localite": "Toulouse", "cat": "B1", "compte": "-8700.00"}}, {"model": "Boutique.client", "pk": "C003", "fields": {"nom": "AVRON", "adresse": "8, r. de la Cure", "localite": "Toulouse", "cat": "B1", "compte": "-1700.00"}}, {"model": "Boutique.client", "pk": "C063", "fields": {"nom": "MERCIER", "adresse": "201, bvd du Nord", "localite": "Toulouse", "cat": null, "compte": "-2250.00"}}, {"model": "Boutique.client", "pk": "C123", "fields": {"nom": "MERCIER", "adresse": "25, r. Lemattre", "localite": "Namur", "cat": "C1", "compte": "-2300.00"}}, {"model": "Boutique.client", "pk": "C400", "fields": {"nom": "FERARD", "adresse": "65,r.du Tertre", "localite": "Poitiers", "cat": "B2", "compte": "350.00"}}, {"model": "Boutique.client", "pk": "F010", "fields": {"nom": "TOUSSAINT", "adresse": "5, r. Godefroid", "localite": "Poitiers", "cat": "C1", "compte": "0.00"}}, {"model": "Boutique.client", "pk": "F011", "fields": {"nom": "PONCWLET", "adresse": "17, Clos des Erables", "localite": "Toulouse", "cat": "B2", "compte": "0.00"}}, {"model": "Boutique.client", "pk": "F400", "fields": {"nom": "JACOP", "adresse": "78, ch. du Moulin", "localite": "Bruxelles", "cat": "C2", "compte": "0.00"}}, {"model": "Boutique.client", "pk": "K111", "fields": {"nom": "VANBIST", "adresse": "180,r.Florimont", "localite": "Lille", "cat": "B1", "compte": "720.00"}}, {"model": "Boutique.client", "pk": "K729", "fields": {"nom": "NEUMAN", "adresse": "40, r. Bransart", "localite": "Toulouse", "cat": null, "compte": "0.00"}}, {"model": "Boutique.client", "pk": "L422", "fields": {"nom": "FRANCK", "adresse": "60, r. de Wépion", "localite": "Namur", "cat": "C1", "compte": "0.00"}}, {"model": "Boutique.client", "pk": "S127", "fields": {"nom": "VANDERKA", "adresse": "3, av. des Roses", "localite": "Namur", "cat": "C1", "compte": "-4580.00"}}, {"model": "Boutique.client", "pk": "S712", "fields": {"nom": "GUILLAUME", "adresse": "14a, ch. des Roses", "localite": "Paris", "cat": "B1", "compte": "0.00"}}, {"model": "Boutique.produit", "pk": "CS262", "fields": {"libelle": "CHEV.SSAPIN 200*6*2", "prix": 75, "qstock": 45}}, {"model": "Boutique.produit", "pk": "CS264", "fields": {"libelle": "CHEV. SAPIN 200x6x4", "prix": 120, "qstock": 2690}}, {"model": "Boutique.produit", "pk": "CS464", "fields": {"libelle": "CHEV.SSAPIN 400*6*4", "prix": 220, "qstock": 450}}, {"model": "Boutique.produit", "pk": "PA45", "fields": {"libelle": "POINTE ACIER 45(2K)", "prix": 105, "qstock": 580}}, {"model": "Boutique.produit", "pk": "PA60", "fields": {"libelle": "POINTE ACIER 60(1K)", "prix": 95, "qstock": 134}}, {"model": "Boutique.produit", "pk": "PH222", "fields": {"libelle": "PL. HETRE 200x20x2", "prix": 230, "qstock": 782}}, {"model": "Boutique.produit", "pk": "PS222", "fields": {"libelle": "PL. SAPIN 200x20x2", "prix": 185, "qstock": 1220}}, {"model": "Boutique.commande", "pk": 30178, "fields": {"client": "K111", "datecom": "2026-12-21"}}, {"model": "Boutique.commande", "pk": 30179, "fields": {"client": "C400", "datecom": "2008-12-22"}}, {"model": "Boutique.commande", "pk": 30181, "fields": {"client": "K111", "datecom": "2026-12-21"}}, {"model": "Boutique.commande", "pk": 30182, "fields": {"client": "S127", "datecom": "2008-12-23"}}, {"model": "Boutique.commande", "pk": 30184, "fields": {"client": "C400", "datecom": "2008-12-23"}}, {"model": "Boutique.commande", "pk": 30185, "fields": {"client": "F011", "datecom": "2009-01-02"}}, {"model": "Boutique.commande", "pk": 30186, "fields": {"client": "C400", "datecom": "2009-01-02"}}, {"model": "Boutique.commande", "pk": 30188, "fields": {"client": "B512", "datecom": "2009-01-03"}}, {"model": "Boutique.commande", "pk": 301780, "fields": {"client": "K111", "datecom": "2026-12-21"}}, {"model": "Boutique.detail", "pk": 19, "fields": {"commande": 30178, "produit": "CS464", "qcom": 25}}, {"model": "Boutique.detail", "pk": 20, "fields": {"commande": 30179, "produit": "CS262", "qcom": 60}}, {"model": "Boutique.detail", "pk": 21, "fields": {"commande": 30179, "produit": "PA60", "qcom": 20}}, {"model": "Boutique.detail", "pk": 22, "fields": {"commande": 30182, "produit": "PA60", "qcom": 30}}, {"model": "Boutique.detail", "pk": 23, "fields": {"commande": 30184, "produit": "CS464", "qcom": 120}}, {"model": "Boutique.detail", "pk": 24, "fields": {"commande": 30184, "produit": "PA45", "qcom": 20}}, {"model": "Boutique.detail", "pk": 25, "fields": {"commande": 30185, "produit": "CS464", "qcom": 260}}, {"model": "Boutique.detail", "pk": 26, "fields": {"commande": 30185, "produit": "PA60", "qcom": 15}}, {"model": "Boutique.detail", "pk": 27, "fields": {"commande": 30186, "produit": "PA45", "qcom": 3}}, {"model": "Boutique.detail", "pk": 28, "fields": {"commande": 30185, "produit": "PS222", "qcom": 600}}, {"model": "Boutique.detail", "pk": 29, "fields": {"commande": 30188, "produit": "CS464", "qcom": 180}}, {"model": "Boutique.detail", "pk": 30, "fields": {"commande": 30188, "produit": "PA45", "qcom": 22}}, {"model": "Boutique.detail", "pk": 31, "fields": {"commande": 30188, "produit": "PA60", "qcom": 70}}, {"model": "Boutique.detail", "pk": 32, "fields": {"commande": 30188, "produit": "PH222", "qcom": 92}}]